{
  "Main": {
    "question": {
      "type": "StructuredText",
      "config": {
        "single": "heading4",
        "label": "Question"
      }
    },
    "uid": {
      "type": "UID",
      "config": {
        "label": "uid"
      }
    },
    "answer": {
      "type": "StructuredText",
      "config": {
        "multi": "paragraph, preformatted, heading1, heading2, heading3, heading4, heading5, heading6, strong, em, hyperlink, image, embed, list-item, o-list-item, rtl",
        "allowTargetBlank": true,
        "label": "Answer"
      }
    }
  }
}