{
    "Main" : {
      "title" : {
        "type" : "StructuredText",
        "config" : {
          "single" : "heading1,heading3,heading4,heading5,heading6",
          "label" : "Title"
        }
      },
      "uid" : {
        "type" : "UID",
        "config" : {
          "label" : "uid"
        }
      },
      "subtext" : {
        "type" : "StructuredText",
        "config" : {
          "multi" : "paragraph",
          "allowTargetBlank" : true,
          "label" : "Subtext"
        }
      },
      "page_banner" : {
        "type" : "Image",
        "config" : {
          "constraint" : { },
          "thumbnails" : [ ],
          "label" : "Page Banner"
        }
      },
      "content" : {
        "type" : "StructuredText",
        "config" : {
          "multi" : "paragraph,preformatted,heading1,heading2,heading3,heading4,heading5,heading6,strong,em,hyperlink,image,embed,list-item,o-list-item,rtl",
          "allowTargetBlank" : true,
          "label" : "Content"
        }
      }
    }
  }